Date,Average_HDD
2018-01-01,13.961077844311378
2018-01-02,16.035528942115768
2018-01-03,14.534331337325352
2018-01-04,13.909580838323352
2018-01-05,13.288822355289422
2018-01-06,14.914171656686626
2018-01-07,17.801197604790417
2018-01-08,18.352894211576846
2018-01-09,16.69540918163673
2018-01-10,16.31057884231537
2018-01-11,17.376447105788426
2018-01-12,17.51497005988024
2018-01-13,18.461676646706586
2018-01-14,20.261277445109783
2018-01-15,19.10698602794411
2018-01-16,16.652894211576843
2018-01-17,18.795209580838325
2018-01-18,16.986027944111775
2018-01-19,18.33193612774451
2018-01-20,19.062475049900197
2018-01-21,19.79700598802395
2018-01-22,18.43552894211577
2018-01-23,15.89820359281437
2018-01-24,12.166467065868263
2018-01-25,12.905788423153693
2018-01-26,14.97305389221557
2018-01-27,15.9874251497006
2018-01-28,13.77185628742515
2018-01-29,12.438522954091816
2018-01-30,15.724351297405189
2018-01-31,14.746906187624752
2018-02-01,17.649800796812748
2018-02-02,18.47270916334661
2018-02-03,19.47988047808765
2018-02-04,21.009362549800795
2018-02-05,21.736454183266932
2018-02-06,22.941235059760956
2018-02-07,22.713745019920317
2018-02-08,22.973107569721115
2018-02-09,22.23964143426295
2018-02-10,20.37589641434263
2018-02-11,18.86573705179283
2018-02-12,19.73804780876494
2018-02-13,21.429282868525895
2018-02-14,22.297211155378488
2018-02-15,20.381474103585656
2018-02-16,17.91175298804781
2018-02-17,19.87828685258964
2018-02-18,20.235059760956176
2018-02-19,20.81613545816733
2018-02-20,21.219920318725098
2018-02-21,21.422310756972113
2018-02-22,21.91235059760956
2018-02-23,22.964342629482072
2018-02-24,23.28844621513944
2018-02-25,26.140438247011954
2018-02-26,27.60219123505976
2018-02-27,28.75458167330677
2018-02-28,29.730677290836656
2018-03-01,27.140438247011954
2018-03-02,26.17828685258964
2018-03-03,23.79322709163347
2018-03-04,19.358764940239045
2018-03-05,16.295617529880477
2018-03-06,17.92470119521912
2018-03-07,16.904382470119522
2018-03-08,15.526294820717133
2018-03-09,15.313545816733066
2018-03-10,12.523306772908366
2018-03-11,10.384262948207171
2018-03-12,11.936454183266934
2018-03-13,13.700597609561752
2018-03-14,16.04780876494024
2018-03-15,15.928685258964144
2018-03-16,17.09860557768924
2018-03-17,22.34183266932271
2018-03-18,23.557569721115538
2018-03-19,23.115537848605577
2018-03-20,21.649203187251
2018-03-21,20.50796812749004
2018-03-22,19.14402390438247
2018-03-23,17.03167330677291
2018-03-24,16.04223107569721
2018-03-25,15.370119521912349
2018-03-26,15.70796812749004
2018-03-27,15.735059760956176
2018-03-28,14.612549800796813
2018-03-29,15.797808764940239
2018-03-30,14.53784860557769
2018-03-31,15.142430278884461
2018-04-01,16.472854291417168
2018-04-02,13.811576846307386
2018-04-03,7.616966067864272
2018-04-04,7.841716566866267
2018-04-05,12.300399201596806
2018-04-06,13.537125748502994
2018-04-07,8.29061876247505
2018-04-08,5.530339321357285
2018-04-09,6.495409181636727
2018-04-10,6.563073852295409
2018-04-11,9.15548902195609
2018-04-12,5.850099800399201
2018-04-13,8.445508982035928
2018-04-14,8.659281437125747
2018-04-15,7.3544910179640715
2018-04-16,7.573453093812375
2018-04-17,6.855089820359281
2018-04-18,2.586826347305389
2018-04-19,0.8221556886227545
2018-04-20,0.2892215568862276
2018-04-21,1.5920159680638721
2018-04-22,1.313373253493014
2018-04-23,2.563672654690619
2018-04-24,6.541117764471058
2018-04-25,6.658483033932135
2018-04-26,10.926347305389223
2018-04-27,9.156487025948103
2018-04-28,6.148902195608782
2018-04-29,2.3890219560878245
2018-04-30,5.782435129740519
2018-05-01,10.754435483870967
2018-05-02,9.598991935483872
2018-05-03,7.766532258064516
2018-05-04,6.907258064516129
2018-05-05,4.7205645161290315
2018-05-06,2.615120967741935
2018-05-07,1.0875000000000001
2018-05-08,0.4862903225806452
2018-05-09,0.7891129032258064
2018-05-10,3.9116935483870967
2018-05-11,5.905645161290322
2018-05-12,0.7348790322580645
2018-05-13,1.6699596774193548
2018-05-14,1.7975806451612903
2018-05-15,3.914112903225807
2018-05-16,5.535282258064516
2018-05-17,6.951814516129032
2018-05-18,8.290725806451613
2018-05-19,7.011088709677419
2018-05-20,3.2
2018-05-21,0.8977822580645162
2018-05-22,0.6036290322580645
2018-05-23,0.4431451612903226
2018-05-24,0.8181451612903224
2018-05-25,0.28326612903225806
2018-05-26,0.10483870967741936
2018-05-27,0.16149193548387097
2018-05-28,0.04133064516129032
2018-05-29,0.046572580645161295
2018-05-30,0.06350806451612903
2018-05-31,0.05705645161290322
2018-06-01,0.12630522088353413
2018-06-02,0.23895582329317272
2018-06-03,0.128714859437751
2018-06-04,0.0891566265060241
2018-06-05,0.22008032128514055
2018-06-06,0.08212851405622491
2018-06-07,0.05943775100401607
2018-06-08,0.05742971887550201
2018-06-09,0.055421686746987955
2018-06-10,0.05220883534136546
2018-06-11,0.1471887550200803
2018-06-12,1.845582329317269
2018-06-13,5.779718875502009
2018-06-14,2.8746987951807226
2018-06-15,0.7026104417670683
2018-06-16,0.09236947791164658
2018-06-17,0.3877510040160643
2018-06-18,0.32670682730923695
2018-06-19,0.1775100401606426
2018-06-20,0.04819277108433735
2018-06-21,1.6799196787148596
2018-06-22,8.08714859437751
2018-06-23,7.491365461847389
2018-06-24,5.550602409638554
2018-06-25,2.5443775100401607
2018-06-26,1.2829317269076306
2018-06-27,0.5228915662650602
2018-06-28,1.034136546184739
2018-06-29,0.09819277108433735
2018-06-30,0.21566265060240966
2018-07-01,0.8842105263157893
2018-07-02,0.42854251012145744
2018-07-03,0.0931174089068826
2018-07-04,0.03279352226720648
2018-07-05,0.09493927125506073
2018-07-06,0.34615384615384615
2018-07-07,0.1862348178137652
2018-07-08,0.15789473684210525
2018-07-09,0.3854251012145749
2018-07-10,2.224898785425101
2018-07-11,2.7902834008097166
2018-07-12,0.6222672064777327
2018-07-13,0.0874493927125506
2018-07-14,0.06923076923076923
2018-07-15,0.07307692307692308
2018-07-16,0.08279352226720647
2018-07-17,0.05910931174089069
2018-07-18,0.08036437246963564
2018-07-19,0.06882591093117409
2018-07-20,0.029959514170040488
2018-07-21,0.0854251012145749
2018-07-22,0.16032388663967612
2018-07-23,0.059919028340080976
2018-07-24,0.02894736842105263
2018-07-25,0.029554655870445343
2018-07-26,0.029352226720647773
2018-07-27,0.026923076923076925
2018-07-28,0.038866396761133605
2018-07-29,0.02672064777327935
2018-07-30,0.02348178137651822
2018-07-31,0.022064777327935225
2018-08-01,0.022379032258064514
2018-08-02,0.025201612903225805
2018-08-03,0.02278225806451613
2018-08-04,0.02278225806451613
2018-08-05,0.038306451612903226
2018-08-06,0.02217741935483871
2018-08-07,0.023588709677419353
2018-08-08,0.024798387096774194
2018-08-09,0.023588709677419353
2018-08-10,0.36068548387096777
2018-08-11,0.5629032258064516
2018-08-12,0.07338709677419356
2018-08-13,0.1314516129032258
2018-08-14,0.28145161290322585
2018-08-15,0.18629032258064518
2018-08-16,0.0405241935483871
2018-08-17,0.030443548387096772
2018-08-18,0.05463709677419355
2018-08-19,0.02721774193548387
2018-08-20,0.04233870967741935
2018-08-21,0.05181451612903226
2018-08-22,0.025
2018-08-23,0.0280241935483871
2018-08-24,0.3883064516129032
2018-08-25,6.465322580645162
2018-08-26,6.715725806451613
2018-08-27,1.3058467741935484
2018-08-28,0.29858870967741935
2018-08-29,0.03931451612903226
2018-08-30,0.9368951612903227
2018-08-31,4.711895161290323
2018-09-01,4.419999999999999
2018-09-02,3.1511111111111116
2018-09-03,0.7993939393939392
2018-09-04,0.5743434343434344
2018-09-05,0.16303030303030303
2018-09-06,0.10727272727272726
2018-09-07,1.5355555555555553
2018-09-08,3.2509090909090905
2018-09-09,0.675959595959596
2018-09-10,0.1595959595959596
2018-09-11,0.06646464646464646
2018-09-12,0.6642424242424243
2018-09-13,3.2127272727272724
2018-09-14,3.2486868686868684
2018-09-15,3.7078787878787876
2018-09-16,2.6145454545454543
2018-09-17,0.3226262626262626
2018-09-18,0.05272727272727273
2018-09-19,0.06787878787878789
2018-09-20,0.04
2018-09-21,0.5925252525252526
2018-09-22,7.921212121212121
2018-09-23,7.3816161616161615
2018-09-24,11.241616161616161
2018-09-25,12.192929292929293
2018-09-26,9.945656565656567
2018-09-27,4.632929292929293
2018-09-28,8.421818181818182
2018-09-29,11.277575757575757
2018-09-30,10.183434343434344
2018-10-01,11.54466800804829
2018-10-02,12.345070422535212
2018-10-03,9.405633802816903
2018-10-04,9.713078470824948
2018-10-05,7.226961770623743
2018-10-06,4.532595573440643
2018-10-07,7.949094567404426
2018-10-08,9.574647887323945
2018-10-09,7.835211267605634
2018-10-10,5.1704225352112685
2018-10-11,2.5464788732394363
2018-10-12,1.0356136820925554
2018-10-13,1.743460764587525
2018-10-14,2.276861167002012
2018-10-15,3.517907444668008
2018-10-16,5.409054325955735
2018-10-17,6.15251509054326
2018-10-18,8.178269617706237
2018-10-19,10.071428571428571
2018-10-20,10.94688128772636
2018-10-21,11.569818913480887
2018-10-22,12.404225352112677
2018-10-23,11.42575452716298
2018-10-24,9.367806841046278
2018-10-25,9.104426559356137
2018-10-26,10.852917505030181
2018-10-27,14.283299798792758
2018-10-28,16.509657947686115
2018-10-29,15.316901408450704
2018-10-30,12.759154929577464
2018-10-31,13.075653923541248
2018-11-01,12.664929859719441
2018-11-02,12.227855711422846
2018-11-03,13.46432865731463
2018-11-04,11.850901803607213
2018-11-05,10.210220440881763
2018-11-06,10.30060120240481
2018-11-07,10.74509018036072
2018-11-08,11.088376753507015
2018-11-09,11.619238476953909
2018-11-10,10.901603206412824
2018-11-11,9.986172344689379
2018-11-12,9.313426853707414
2018-11-13,10.98316633266533
2018-11-14,13.88496993987976
2018-11-15,15.344488977955912
2018-11-16,16.267735470941883
2018-11-17,17.71002004008016
2018-11-18,18.934068136272543
2018-11-19,18.02545090180361
2018-11-20,18.64188376753507
2018-11-21,19.22244488977956
2018-11-22,18.70881763527054
2018-11-23,18.59158316633267
2018-11-24,17.196192384769542
2018-11-25,16.414829659318638
2018-11-26,17.068336673346693
2018-11-27,19.314629258517034
2018-11-28,19.633466933867737
2018-11-29,17.552905811623248
2018-11-30,16.512424849699396
2018-12-01,15.107444668008048
2018-12-02,12.379476861167003
2018-12-03,9.683098591549296
2018-12-04,14.44426559356137
2018-12-05,17.65855130784708
2018-12-06,13.508651911468814
2018-12-07,10.478068410462777
2018-12-08,13.861368209255534
2018-12-09,13.788933601609658
2018-12-10,16.551106639839034
2018-12-11,17.612273641851104
2018-12-12,18.727766599597587
2018-12-13,20.316096579476863
2018-12-14,21.02897384305835
2018-12-15,21.674446680080486
2018-12-16,21.517102615694164
2018-12-17,18.619919517102616
2018-12-18,17.483702213279678
2018-12-19,17.687122736418512
2018-12-20,15.80281690140845
2018-12-21,13.0738430583501
2018-12-22,12.464587525150904
2018-12-23,13.50523138832998
2018-12-24,16.97665995975855
2018-12-25,18.09134808853119
2018-12-26,18.618309859154927
2018-12-27,18.035814889336013
2018-12-28,18.185714285714283
2018-12-29,17.440442655935612
2018-12-30,15.234808853118714
2018-12-31,14.579476861167002
2019-01-01,14.876861167002014
2019-01-02,18.65975855130785
2019-01-03,21.03038229376257
2019-01-04,19.190744466800805
2019-01-05,16.277867203219316
2019-01-06,16.86096579476861
2019-01-07,16.608853118712275
2019-01-08,16.298189134808855
2019-01-09,19.044064386317906
2019-01-10,20.441649899396378
2019-01-11,19.640442655935612
2019-01-12,16.82334004024145
2019-01-13,14.921529175050301
2019-01-14,17.525352112676053
2019-01-15,17.12937625754527
2019-01-16,16.376861167002012
2019-01-17,16.733199195171025
2019-01-18,20.973843058350102
2019-01-19,23.290543259557342
2019-01-20,24.567002012072432
2019-01-21,24.334406438631788
2019-01-22,24.406639839034202
2019-01-23,25.053722334004025
2019-01-24,24.73440643863179
2019-01-25,23.802615694164988
2019-01-26,18.351911468812876
2019-01-27,16.401006036217304
2019-01-28,18.617706237424546
2019-01-29,20.230382293762574
2019-01-30,21.08712273641851
2019-01-31,21.21267605633803
2019-02-01,19.827530364372468
2019-02-02,18.997773279352224
2019-02-03,19.581983805668017
2019-02-04,20.45627530364373
2019-02-05,20.021862348178136
2019-02-06,19.77591093117409
2019-02-07,18.526315789473685
2019-02-08,15.61497975708502
2019-02-09,13.981983805668015
2019-02-10,14.280566801619434
2019-02-11,16.961133603238864
2019-02-12,17.886437246963567
2019-02-13,16.86619433198381
2019-02-14,16.436842105263157
2019-02-15,15.498178137651822
2019-02-16,14.455263157894736
2019-02-17,14.362955465587046
2019-02-18,14.419635627530365
2019-02-19,14.908906882591094
2019-02-20,14.978137651821863
2019-02-21,13.59919028340081
2019-02-22,14.379352226720648
2019-02-23,18.181174089068826
2019-02-24,16.710526315789473
2019-02-25,14.478744939271255
2019-02-26,13.438663967611335
2019-02-27,12.600809716599189
2019-02-28,12.089878542510121
2019-03-01,13.996146044624748
2019-03-02,14.801825557809329
2019-03-03,11.331643002028397
2019-03-04,11.941379310344828
2019-03-05,15.077079107505071
2019-03-06,12.956389452332656
2019-03-07,11.336105476673428
2019-03-08,13.704259634888437
2019-03-09,12.893509127789047
2019-03-10,13.39107505070994
2019-03-11,17.361663286004056
2019-03-12,15.487018255578095
2019-03-13,14.863488843813387
2019-03-14,15.29634888438134
2019-03-15,12.913995943204869
2019-03-16,12.114401622718052
2019-03-17,12.86815415821501
2019-03-18,16.29310344827586
2019-03-19,16.818255578093307
2019-03-20,15.203853955375253
2019-03-21,12.402839756592293
2019-03-22,10.98052738336714
2019-03-23,11.48580121703854
2019-03-24,13.206490872210951
2019-03-25,15.778498985801217
2019-03-26,15.573833671399594
2019-03-27,14.127180527383368
2019-03-28,12.337322515212982
2019-03-29,10.937119675456389
2019-03-30,10.30973630831643
2019-03-31,11.729614604462476
2019-04-01,12.879757085020243
2019-04-02,10.236437246963563
2019-04-03,10.505668016194331
2019-04-04,13.007287449392713
2019-04-05,13.111336032388664
2019-04-06,9.79757085020243
2019-04-07,9.143927125506073
2019-04-08,9.81923076923077
2019-04-09,11.827732793522268
2019-04-10,13.78076923076923
2019-04-11,15.642510121457489
2019-04-12,17.08502024291498
2019-04-13,17.25668016194332
2019-04-14,16.22753036437247
2019-04-15,12.370647773279352
2019-04-16,10.975506072874493
2019-04-17,9.152631578947368
2019-04-18,6.981376518218624
2019-04-19,5.012550607287449
2019-04-20,5.418623481781377
2019-04-21,5.6417004048583
2019-04-22,4.811133603238867
2019-04-23,4.568421052631579
2019-04-24,1.9742914979757085
2019-04-25,3.027327935222672
2019-04-26,8.687854251012146
2019-04-27,10.882995951417005
2019-04-28,12.621255060728744
2019-04-29,12.315991902834009
2019-04-30,10.123076923076923
2019-05-01,9.392292089249493
2019-05-02,9.600405679513184
2019-05-03,12.011359026369167
2019-05-04,15.451521298174443
2019-05-05,15.362068965517242
2019-05-06,14.423732251521297
2019-05-07,12.964503042596348
2019-05-08,10.678904665314402
2019-05-09,9.15030425963489
2019-05-10,9.366531440162271
2019-05-11,10.766328600405679
2019-05-12,11.829817444219067
2019-05-13,11.399391480730223
2019-05-14,12.14158215010142
2019-05-15,12.320892494929007
2019-05-16,11.64888438133874
2019-05-17,8.536511156186613
2019-05-18,4.590872210953347
2019-05-19,2.7945233265720084
2019-05-20,4.968762677484786
2019-05-21,6.252941176470588
2019-05-22,8.2920892494929
2019-05-23,6.688640973630831
2019-05-24,2.749898580121704
2019-05-25,5.71237322515213
2019-05-26,3.162677484787018
2019-05-27,3.047870182555781
2019-05-28,7.613793103448276
2019-05-29,9.009939148073022
2019-05-30,5.183975659229208
2019-05-31,0.9117647058823529
2019-06-01,0.17090163934426228
2019-06-02,0.05614754098360656
2019-06-03,0.033196721311475406
2019-06-04,0.06147540983606557
2019-06-05,0.028688524590163935
2019-06-06,2.736065573770492
2019-06-07,1.2047131147540981
2019-06-08,2.5594262295081966
2019-06-09,0.8965163934426229
2019-06-10,0.594672131147541
2019-06-11,0.973155737704918
2019-06-12,1.571311475409836
2019-06-13,0.5547131147540983
2019-06-14,0.037295081967213116
2019-06-15,0.05983606557377049
2019-06-16,0.6602459016393443
2019-06-17,0.08831967213114754
2019-06-18,0.030532786885245904
2019-06-19,0.03012295081967213
2019-06-20,0.12704918032786885
2019-06-21,0.294672131147541
2019-06-22,0.38504098360655736
2019-06-23,0.08811475409836066
2019-06-24,0.023770491803278688
2019-06-25,0.01639344262295082
2019-06-26,0.013114754098360656
2019-06-27,0.2975409836065574
2019-06-28,0.2584016393442623
2019-06-29,0.018442622950819672
2019-06-30,0.017827868852459013
2019-07-01,0.03608247422680412
2019-07-02,0.8292783505154637
2019-07-03,2.322680412371134
2019-07-04,0.8214432989690721
2019-07-05,0.2657731958762886
2019-07-06,0.4057731958762887
2019-07-07,2.74
2019-07-08,4.916494845360825
2019-07-09,5.334639175257732
2019-07-10,2.111134020618557
2019-07-11,1.7321649484536086
2019-07-12,0.7222680412371134
2019-07-13,1.442680412371134
2019-07-14,2.7771134020618558
2019-07-15,2.7647422680412372
2019-07-16,1.8874226804123713
2019-07-17,0.6748453608247423
2019-07-18,0.09731958762886599
2019-07-19,0.11814432989690721
2019-07-20,0.027010309278350516
2019-07-21,0.09092783505154639
2019-07-22,0.040412371134020623
2019-07-23,0.01979381443298969
2019-07-24,0.019175257731958766
2019-07-25,0.018350515463917527
2019-07-26,0.022268041237113404
2019-07-27,0.04082474226804124
2019-07-28,0.12824742268041237
2019-07-29,0.09278350515463918
2019-07-30,0.05298969072164948
2019-07-31,0.13896907216494847
2019-08-01,0.1136734693877551
2019-08-02,0.13591836734693877
2019-08-03,0.31551020408163266
2019-08-04,0.09020408163265306
2019-08-05,0.05469387755102041
2019-08-06,0.06795918367346938
2019-08-07,0.18714285714285714
2019-08-08,0.14979591836734696
2019-08-09,0.03306122448979592
2019-08-10,0.07693877551020409
2019-08-11,0.09612244897959184
2019-08-12,1.1306122448979592
2019-08-13,2.8157142857142854
2019-08-14,2.4667346938775516
2019-08-15,1.6191836734693879
2019-08-16,0.4887755102040816
2019-08-17,0.22857142857142856
2019-08-18,0.05040816326530612
2019-08-19,0.253265306122449
2019-08-20,1.4483673469387757
2019-08-21,1.6075510204081633
2019-08-22,0.5016326530612245
2019-08-23,0.11530612244897959
2019-08-24,0.04
2019-08-25,0.02959183673469388
2019-08-26,0.02836734693877551
2019-08-27,0.02693877551020408
2019-08-28,0.025714285714285714
2019-08-29,0.030204081632653063
2019-08-30,0.027959183673469386
2019-08-31,0.026122448979591838
2019-09-01,0.2053388090349076
2019-09-02,3.3989733059548257
2019-09-03,2.906365503080082
2019-09-04,0.5484599589322382
2019-09-05,4.44517453798768
2019-09-06,6.787268993839837
2019-09-07,7.076591375770021
2019-09-08,7.461601642710472
2019-09-09,8.080698151950719
2019-09-10,7.241273100616017
2019-09-11,5.02422997946612
2019-09-12,0.6164271047227925
2019-09-13,0.4967145790554414
2019-09-14,4.078028747433265
2019-09-15,1.4720739219712524
2019-09-16,3.9932238193018477
2019-09-17,6.105954825462012
2019-09-18,9.447638603696099
2019-09-19,10.483162217659139
2019-09-20,9.8782340862423
2019-09-21,6.285420944558521
2019-09-22,2.7154004106776184
2019-09-23,4.451129363449692
2019-09-24,4.490554414784395
2019-09-25,5.4462012320328546
2019-09-26,3.554414784394251
2019-09-27,2.759753593429158
2019-09-28,4.8217659137577
2019-09-29,3.506365503080082
2019-09-30,5.5981519507186865
2019-10-01,5.783026584867076
2019-10-02,9.757873210633948
2019-10-03,11.564212678936606
2019-10-04,11.331901840490797
2019-10-05,11.34723926380368
2019-10-06,12.907770961145193
2019-10-07,12.471779141104296
2019-10-08,8.908179959100206
2019-10-09,9.121881390593048
2019-10-10,9.979550102249489
2019-10-11,8.152760736196319
2019-10-12,4.107770961145195
2019-10-13,1.4936605316973417
2019-10-14,2.0130879345603274
2019-10-15,4.403271983640082
2019-10-16,8.177300613496932
2019-10-17,6.952351738241309
2019-10-18,7.107157464212679
2019-10-19,8.39161554192229
2019-10-20,6.850511247443763
2019-10-21,6.801840490797546
2019-10-22,8.57361963190184
2019-10-23,8.531901840490798
2019-10-24,7.237014314928426
2019-10-25,7.359304703476482
2019-10-26,6.005930470347647
2019-10-27,9.111656441717793
2019-10-28,13.485889570552148
2019-10-29,14.848466257668713
2019-10-30,16.666257668711655
2019-10-31,17.630061349693257
2019-11-01,15.570331950207468
2019-11-02,8.591908713692947
2019-11-03,9.57780082987552
2019-11-04,10.444605809128632
2019-11-05,12.273029045643154
2019-11-06,13.332365145228215
2019-11-07,13.52883817427386
2019-11-08,14.818672199170125
2019-11-09,15.6649377593361
2019-11-10,17.942323651452284
2019-11-11,18.153319502074687
2019-11-12,16.058091286307054
2019-11-13,16.718672199170125
2019-11-14,16.692323651452284
2019-11-15,15.629460580912863
2019-11-16,16.05103734439834
2019-11-17,16.523236514522818
2019-11-18,15.279460580912863
2019-11-19,16.114315352697098
2019-11-20,17.520331950207467
2019-11-21,16.032572614107885
2019-11-22,15.643775933609957
2019-11-23,14.568257261410789
2019-11-24,15.581120331950208
2019-11-25,16.150829875518674
2019-11-26,13.932572614107883
2019-11-27,12.62551867219917
2019-11-28,11.486929460580914
2019-11-29,15.179460580912863
2019-11-30,18.439004149377595
2019-12-01,19.747142857142858
2019-12-02,18.478367346938775
2019-12-03,17.739795918367346
2019-12-04,18.82530612244898
2019-12-05,20.44530612244898
2019-12-06,18.01102040816327
2019-12-07,13.249591836734693
2019-12-08,12.420612244897958
2019-12-09,14.250612244897958
2019-12-10,17.934081632653058
2019-12-11,18.542244897959186
2019-12-12,18.117346938775512
2019-12-13,18.445510204081636
2019-12-14,15.589183673469385
2019-12-15,13.625714285714286
2019-12-16,13.912857142857144
2019-12-17,11.839183673469387
2019-12-18,13.072040816326533
2019-12-19,14.564489795918366
2019-12-20,13.528163265306123
2019-12-21,14.720816326530612
2019-12-22,15.230204081632651
2019-12-23,14.203877551020408
2019-12-24,14.513877551020409
2019-12-25,14.759387755102042
2019-12-26,16.81591836734694
2019-12-27,17.503061224489795
2019-12-28,20.52326530612245
2019-12-29,21.26918367346939
2019-12-30,17.98795918367347
2019-12-31,17.726938775510206
2020-01-01,20.344421487603306
2020-01-02,20.514669421487604
2020-01-03,15.825
2020-01-04,16.27809917355372
2020-01-05,17.59710743801653
2020-01-06,18.12706611570248
2020-01-07,17.328925619834713
2020-01-08,15.066528925619835
2020-01-09,12.278719008264462
2020-01-10,13.06900826446281
2020-01-11,16.9400826446281
2020-01-12,17.699793388429754
2020-01-13,16.000826446280993
2020-01-14,13.919628099173554
2020-01-15,12.238636363636363
2020-01-16,14.013429752066116
2020-01-17,15.422727272727274
2020-01-18,16.552272727272726
2020-01-19,18.2646694214876
2020-01-20,18.757231404958677
2020-01-21,20.20578512396694
2020-01-22,20.10661157024793
2020-01-23,19.55888429752066
2020-01-24,20.399793388429753
2020-01-25,19.66797520661157
2020-01-26,18.58863636363636
2020-01-27,15.449793388429752
2020-01-28,15.972314049586778
2020-01-29,17.198760330578512
2020-01-30,14.682644628099174
2020-01-31,9.967355371900828
2020-02-01,10.029606625258797
2020-02-02,12.117391304347828
2020-02-03,12.351552795031056
2020-02-04,16.32857142857143
2020-02-05,18.050517598343685
2020-02-06,18.38840579710145
2020-02-07,17.918840579710142
2020-02-08,17.228157349896478
2020-02-09,12.712629399585923
2020-02-10,12.854451345755692
2020-02-11,16.46728778467909
2020-02-12,17.125051759834367
2020-02-13,17.22443064182195
2020-02-14,15.455693581780539
2020-02-15,14.366459627329192
2020-02-16,9.202070393374742
2020-02-17,12.118426501035199
2020-02-18,14.503726708074533
2020-02-19,15.91407867494824
2020-02-20,15.127329192546584
2020-02-21,15.327329192546584
2020-02-22,12.962939958592134
2020-02-23,11.798343685300209
2020-02-24,14.192753623188407
2020-02-25,13.353209109730848
2020-02-26,17.787991718426497
2020-02-27,18.220496894409937
2020-02-28,17.49855072463768
2020-02-29,13.559627329192548
2020-03-01,13.715909090909092
2020-03-02,14.71115702479339
2020-03-03,16.34462809917355
2020-03-04,17.18305785123967
2020-03-05,15.853099173553717
2020-03-06,15.440702479338842
2020-03-07,16.279338842975207
2020-03-08,14.439876033057852
2020-03-09,14.067355371900828
2020-03-10,13.827066115702477
2020-03-11,9.669834710743801
2020-03-12,10.673966942148759
2020-03-13,14.578305785123968
2020-03-14,16.30888429752066
2020-03-15,13.480578512396695
2020-03-16,11.519214876033057
2020-03-17,11.18099173553719
2020-03-18,10.552685950413224
2020-03-19,10.435537190082643
2020-03-20,12.099793388429752
2020-03-21,16.63119834710744
2020-03-22,18.537190082644628
2020-03-23,19.321487603305787
2020-03-24,18.51694214876033
2020-03-25,17.58388429752066
2020-03-26,16.434297520661158
2020-03-27,12.439049586776859
2020-03-28,12.334090909090909
2020-03-29,17.15785123966942
2020-03-30,19.178925619834708
2020-03-31,18.63119834710744
2020-04-01,17.38824742268041
2020-04-02,14.933608247422683
2020-04-03,14.280824742268043
2020-04-04,13.471752577319586
2020-04-05,10.504536082474226
2020-04-06,7.408453608247423
2020-04-07,7.1338144329896895
2020-04-08,6.120206185567011
2020-04-09,7.204123711340206
2020-04-10,8.81340206185567
2020-04-11,9.040824742268041
2020-04-12,5.858556701030928
2020-04-13,11.770721649484534
2020-04-14,15.885979381443299
2020-04-15,12.278350515463918
2020-04-16,8.130103092783505
2020-04-17,6.649896907216495
2020-04-18,6.169278350515463
2020-04-19,8.910721649484538
2020-04-20,9.59938144329897
2020-04-21,8.161237113402063
2020-04-22,7.104536082474227
2020-04-23,7.1455670103092785
2020-04-24,6.871134020618556
2020-04-25,9.645154639175257
2020-04-26,9.709484536082474
2020-04-27,6.825567010309277
2020-04-28,6.889278350515465
2020-04-29,8.561030927835052
2020-04-30,8.955463917525773
2020-05-01,10.251759834368531
2020-05-02,11.58592132505176
2020-05-03,10.339130434782609
2020-05-04,9.89585921325052
2020-05-05,11.972670807453419
2020-05-06,11.144927536231885
2020-05-07,8.869358178053831
2020-05-08,4.160869565217391
2020-05-09,2.6821946169772257
2020-05-10,2.349689440993789
2020-05-11,12.677432712215321
2020-05-12,14.13768115942029
2020-05-13,12.330848861283643
2020-05-14,11.712422360248448
2020-05-15,11.043892339544515
2020-05-16,9.359420289855072
2020-05-17,7.9167701863354045
2020-05-18,3.8507246376811595
2020-05-19,2.022774327122153
2020-05-20,3.4884057971014495
2020-05-21,2.388405797101449
2020-05-22,0.6486542443064183
2020-05-23,6.1571428571428575
2020-05-24,8.112836438923395
2020-05-25,7.258592132505177
2020-05-26,7.098757763975155
2020-05-27,3.8490683229813665
2020-05-28,5.727329192546584
2020-05-29,6.250724637681159
2020-05-30,5.921739130434783
2020-05-31,5.223809523809525
2020-06-01,1.1625
2020-06-02,0.4025
2020-06-03,0.38666666666666666
2020-06-04,4.535416666666666
2020-06-05,8.5375
2020-06-06,7.882500000000001
2020-06-07,7.337083333333333
2020-06-08,6.31125
2020-06-09,5.650208333333334
2020-06-10,4.585416666666666
2020-06-11,3.234375
2020-06-12,0.23708333333333337
2020-06-13,0.13041666666666665
2020-06-14,1.2012500000000002
2020-06-15,1.424166666666667
2020-06-16,0.8870833333333333
2020-06-17,0.8677083333333333
2020-06-18,1.065
2020-06-19,1.6285416666666668
2020-06-20,1.3227083333333334
2020-06-21,0.3277083333333334
2020-06-22,0.18500000000000003
2020-06-23,0.14437500000000003
2020-06-24,0.22416666666666668
2020-06-25,0.17104166666666665
2020-06-26,0.08541666666666667
2020-06-27,0.04145833333333333
2020-06-28,0.13520833333333332
2020-06-29,0.6195833333333333
2020-06-30,0.6887500000000001
2020-07-01,0.07236286919831222
2020-07-02,0.2109704641350211
2020-07-03,0.6896624472573839
2020-07-04,0.15168776371308018
2020-07-05,0.08670886075949366
2020-07-06,2.324472573839663
2020-07-07,4.2316455696202535
2020-07-08,4.235443037974683
2020-07-09,1.499367088607595
2020-07-10,1.4468354430379746
2020-07-11,3.770464135021097
2020-07-12,2.918565400843882
2020-07-13,0.5691983122362868
2020-07-14,0.4272151898734177
2020-07-15,1.7508438818565404
2020-07-16,3.4989451476793247
2020-07-17,1.0559071729957805
2020-07-18,0.46603375527426155
2020-07-19,0.06329113924050633
2020-07-20,0.13649789029535864
2020-07-21,1.1791139240506332
2020-07-22,1.1215189873417721
2020-07-23,0.2715189873417722
2020-07-24,0.10379746835443039
2020-07-25,0.07784810126582278
2020-07-26,0.1544303797468354
2020-07-27,0.056118143459915615
2020-07-28,0.03755274261603376
2020-07-29,0.38734177215189874
2020-07-30,0.0951476793248945
2020-07-31,0.02362869198312236
2020-08-01,0.024273858921161823
2020-08-02,0.06970954356846472
2020-08-03,0.8099585062240663
2020-08-04,2.2396265560165975
2020-08-05,0.6112033195020747
2020-08-06,0.04730290456431535
2020-08-07,0.025933609958506226
2020-08-08,0.024896265560165973
2020-08-09,0.024066390041493774
2020-08-10,0.023029045643153525
2020-08-11,0.025726141078838177
2020-08-12,0.024481327800829875
2020-08-13,0.028008298755186723
2020-08-14,0.05892116182572614
2020-08-15,0.06556016597510372
2020-08-16,0.027593360995850625
2020-08-17,0.07282157676348548
2020-08-18,0.12074688796680497
2020-08-19,0.09854771784232365
2020-08-20,0.024481327800829875
2020-08-21,0.018257261410788383
2020-08-22,0.06431535269709543
2020-08-23,0.3008298755186722
2020-08-24,1.200207468879668
2020-08-25,0.5574688796680498
2020-08-26,0.2809128630705394
2020-08-27,0.7398340248962656
2020-08-28,0.7516597510373443
2020-08-29,2.1887966804979255
2020-08-30,3.6468879668049787
2020-08-31,3.793983402489627
2020-09-01,5.265778688524589
2020-09-02,5.650409836065574
2020-09-03,3.39672131147541
2020-09-04,0.10594262295081966
2020-09-05,2.0340163934426227
2020-09-06,5.707581967213115
2020-09-07,5.7411885245901635
2020-09-08,1.9018442622950817
2020-09-09,0.2907786885245901
2020-09-10,2.850204918032787
2020-09-11,2.4936475409836065
2020-09-12,1.0690573770491805
2020-09-13,0.08299180327868852
2020-09-14,0.020491803278688523
2020-09-15,0.023770491803278688
2020-09-16,0.11168032786885246
2020-09-17,3.7372950819672135
2020-09-18,5.783196721311476
2020-09-19,5.076229508196721
2020-09-20,4.1213114754098354
2020-09-21,2.6805327868852458
2020-09-22,1.0928278688524589
2020-09-23,0.9524590163934425
2020-09-24,1.6100409836065575
2020-09-25,9.005942622950819
2020-09-26,11.458196721311475
2020-09-27,10.589139344262295
2020-09-28,9.853073770491804
2020-09-29,8.91045081967213
2020-09-30,7.284016393442624
2020-10-01,7.683333333333334
2020-10-02,5.797119341563786
2020-10-03,5.648765432098766
2020-10-04,8.719341563786008
2020-10-05,9.296296296296296
2020-10-06,8.699588477366255
2020-10-07,8.948353909465022
2020-10-08,8.175102880658436
2020-10-09,7.344855967078189
2020-10-10,11.05
2020-10-11,12.996296296296299
2020-10-12,12.739094650205763
2020-10-13,12.997942386831276
2020-10-14,12.776543209876543
2020-10-15,12.141563786008232
2020-10-16,12.196090534979424
2020-10-17,12.860288065843623
2020-10-18,12.724897119341563
2020-10-19,12.520164609053497
2020-10-20,11.83045267489712
2020-10-21,7.113374485596708
2020-10-22,3.5695473251028806
2020-10-23,7.056172839506173
2020-10-24,8.023456790123458
2020-10-25,8.860493827160493
2020-10-26,11.013786008230454
2020-10-27,11.8880658436214
2020-10-28,10.3619341563786
2020-10-29,10.718930041152262
2020-10-30,8.522427983539094
2020-10-31,8.352469135802469
2020-11-01,7.5967213114754095
2020-11-02,1.0297131147540983
2020-11-03,9.539754098360655
2020-11-04,13.278893442622952
2020-11-05,14.637500000000001
2020-11-06,14.181352459016393
2020-11-07,14.09938524590164
2020-11-08,13.798155737704919
2020-11-09,13.898975409836067
2020-11-10,15.015778688524588
2020-11-11,13.673770491803278
2020-11-12,12.670491803278688
2020-11-13,12.116803278688524
2020-11-14,9.778483606557378
2020-11-15,10.038524590163934
2020-11-16,11.007581967213117
2020-11-17,11.071926229508197
2020-11-18,11.310245901639343
2020-11-19,12.686270491803278
2020-11-20,17.19815573770492
2020-11-21,17.889754098360655
2020-11-22,15.249180327868853
2020-11-23,15.150409836065574
2020-11-24,16.54733606557377
2020-11-25,17.745491803278686
2020-11-26,17.127254098360652
2020-11-27,17.729098360655737
2020-11-28,18.923565573770492
2020-11-29,19.802254098360656
2020-11-30,20.731147540983606
2020-12-01,18.736625514403293
2020-12-02,19.876954732510285
2020-12-03,20.191152263374484
2020-12-04,18.610493827160493
2020-12-05,18.037242798353912
2020-12-06,17.05246913580247
2020-12-07,16.930041152263374
2020-12-08,18.180041152263374
2020-12-09,18.695473251028808
2020-12-10,19.58045267489712
2020-12-11,19.20164609053498
2020-12-12,17.24238683127572
2020-12-13,16.02139917695473
2020-12-14,15.542798353909463
2020-12-15,14.579218106995885
2020-12-16,14.142592592592592
2020-12-17,14.765020576131688
2020-12-18,15.81028806584362
2020-12-19,16.128189300411524
2020-12-20,15.889917695473251
2020-12-21,15.200617283950617
2020-12-22,10.274691358024691
2020-12-23,11.087448559670781
2020-12-24,14.713374485596708
2020-12-25,18.97283950617284
2020-12-26,19.99320987654321
2020-12-27,19.54855967078189
2020-12-28,18.141769547325104
2020-12-29,18.38415637860082
2020-12-30,18.18456790123457
2020-12-31,18.833539094650206
2021-01-01,19.089655172413792
2021-01-02,19.349898580121703
2021-01-03,19.54705882352941
2021-01-04,19.800405679513187
2021-01-05,19.532454361054768
2021-01-06,19.649492900608518
2021-01-07,20.016835699797163
2021-01-08,20.226166328600407
2021-01-09,20.909127789046654
2021-01-10,21.819878296146047
2021-01-11,22.094320486815416
2021-01-12,19.093509127789048
2021-01-13,19.205882352941178
2021-01-14,20.154563894523328
2021-01-15,22.013793103448275
2021-01-16,22.849898580121703
2021-01-17,22.404665314401623
2021-01-18,19.1868154158215
2021-01-19,17.885395537525355
2021-01-20,15.532860040567952
2021-01-21,13.651926977687626
2021-01-22,15.001622718052738
2021-01-23,18.695334685598375
2021-01-24,20.021095334685597
2021-01-25,20.958620689655177
2021-01-26,20.089858012170385
2021-01-27,19.923326572008115
2021-01-28,17.486815415821496
2021-01-29,16.489046653144015
2021-01-30,19.225354969574038
2021-01-31,22.098782961460447
2021-02-01,19.90918367346939
2021-02-02,16.211224489795917
2021-02-03,13.477142857142857
2021-02-04,15.516938775510205
2021-02-05,16.57877551020408
2021-02-06,18.154081632653057
2021-02-07,21.793061224489794
2021-02-08,24.987755102040815
2021-02-09,27.201020408163266
2021-02-10,27.602857142857143
2021-02-11,27.27326530612245
2021-02-12,28.38591836734694
2021-02-13,28.39183673469388
2021-02-14,26.96775510204082
2021-02-15,22.931020408163267
2021-02-16,16.931428571428572
2021-02-17,14.670204081632653
2021-02-18,14.667142857142856
2021-02-19,14.331836734693876
2021-02-20,12.64877551020408
2021-02-21,12.177959183673469
2021-02-22,13.258571428571429
2021-02-23,10.470408163265306
2021-02-24,9.277755102040816
2021-02-25,9.94469387755102
2021-02-26,13.860408163265307
2021-02-27,16.389591836734695
2021-02-28,16.589795918367347
2021-03-01,16.27931034482759
2021-03-02,15.440365111561867
2021-03-03,14.57241379310345
2021-03-04,14.812373225152129
2021-03-05,18.628600405679517
2021-03-06,19.574442190669373
2021-03-07,18.69371196754564
2021-03-08,19.047464503042594
2021-03-09,18.732251521298174
2021-03-10,16.481541582150104
2021-03-11,12.888235294117646
2021-03-12,14.229614604462476
2021-03-13,14.588640973630833
2021-03-14,16.236105476673426
2021-03-15,16.305679513184582
2021-03-16,16.754361054766736
2021-03-17,18.084381338742393
2021-03-18,18.724949290060856
2021-03-19,19.3815415821501
2021-03-20,20.02008113590264
2021-03-21,16.750709939148074
2021-03-22,16.427789046653146
2021-03-23,15.555375253549697
2021-03-24,13.632454361054766
2021-03-25,12.287221095334687
2021-03-26,10.749898580121702
2021-03-27,13.981947261663286
2021-03-28,12.774036511156188
2021-03-29,8.64239350912779
2021-03-30,7.559837728194726
2021-03-31,6.023529411764707
2021-04-01,7.72061224489796
2021-04-02,13.66734693877551
2021-04-03,15.01408163265306
2021-04-04,15.531020408163267
2021-04-05,17.14265306122449
2021-04-06,19.758979591836734
2021-04-07,19.12938775510204
2021-04-08,17.387755102040817
2021-04-09,13.545102040816328
2021-04-10,12.40530612244898
2021-04-11,11.348163265306123
2021-04-12,17.038571428571426
2021-04-13,17.397551020408162
2021-04-14,17.659591836734695
2021-04-15,17.180612244897958
2021-04-16,15.92265306122449
2021-04-17,14.619591836734694
2021-04-18,13.273673469387756
2021-04-19,12.449591836734696
2021-04-20,11.257142857142858
2021-04-21,11.002448979591836
2021-04-22,13.136326530612246
2021-04-23,12.984285714285717
2021-04-24,12.440408163265307
2021-04-25,13.433673469387756
2021-04-26,13.849183673469387
2021-04-27,12.455306122448981
2021-04-28,9.32
2021-04-29,10.099183673469387
2021-04-30,12.509591836734694
2021-05-01,11.824897959183675
2021-05-02,13.45938775510204
2021-05-03,13.007142857142858
2021-05-04,10.813877551020406
2021-05-05,13.375918367346939
2021-05-06,13.69142857142857
2021-05-07,13.963877551020406
2021-05-08,10.932857142857143
2021-05-09,0.3179591836734694
2021-05-10,0.6787755102040817
2021-05-11,5.394897959183673
2021-05-12,8.582857142857144
2021-05-13,9.459183673469388
2021-05-14,9.291632653061225
2021-05-15,9.706938775510203
2021-05-16,9.273265306122449
2021-05-17,9.497755102040816
2021-05-18,9.89877551020408
2021-05-19,10.208571428571428
2021-05-20,9.237551020408164
2021-05-21,7.824897959183674
2021-05-22,9.220204081632652
2021-05-23,9.542040816326532
2021-05-24,7.398979591836735
2021-05-25,10.359387755102041
2021-05-26,10.213265306122448
2021-05-27,10.030816326530614
2021-05-28,8.65877551020408
2021-05-29,8.250612244897958
2021-05-30,7.269591836734695
2021-05-31,5.145102040816326
2021-06-01,2.3401656314699792
2021-06-02,0.4755693581780538
2021-06-03,0.12318840579710147
2021-06-04,0.09855072463768115
2021-06-05,0.48612836438923396
2021-06-06,1.4737060041407866
2021-06-07,0.7513457556935818
2021-06-08,0.36397515527950314
2021-06-09,0.277639751552795
2021-06-10,0.16231884057971016
2021-06-11,0.08985507246376813
2021-06-12,0.2341614906832298
2021-06-13,2.3579710144927537
2021-06-14,0.14409937888198757
2021-06-15,0.16438923395445132
2021-06-16,0.02712215320910973
2021-06-17,0.024844720496894408
2021-06-18,0.023188405797101446
2021-06-19,0.031055900621118012
2021-06-20,0.047204968944099375
2021-06-21,0.7246376811594203
2021-06-22,1.9633540372670806
2021-06-23,0.7962732919254658
2021-06-24,0.9546583850931677
2021-06-25,0.6306418219461698
2021-06-26,0.18198757763975157
2021-06-27,0.0629399585921325
2021-06-28,0.03685300207039337
2021-06-29,0.20062111801242238
2021-06-30,2.0455486542443064
2021-07-01,4.063354037267081
2021-07-02,1.4921325051759833
2021-07-03,0.19896480331262942
2021-07-04,0.22815734989648034
2021-07-05,0.3521739130434782
2021-07-06,0.14306418219461697
2021-07-07,0.28260869565217384
2021-07-08,0.29875776397515524
2021-07-09,1.1511387163561078
2021-07-10,0.18178053830227744
2021-07-11,0.42981366459627335
2021-07-12,0.08944099378881988
2021-07-13,0.4486542443064182
2021-07-14,1.1687370600414078
2021-07-15,0.6579710144927535
2021-07-16,0.2484472049689441
2021-07-17,0.13312629399585924
2021-07-18,0.11055900621118012
2021-07-19,0.3204968944099379
2021-07-20,0.5370600414078675
2021-07-21,0.3231884057971015
2021-07-22,0.13229813664596274
2021-07-23,0.12091097308488613
2021-07-24,0.02546583850931677
2021-07-25,0.059420289855072465
2021-07-26,0.05962732919254658
2021-07-27,0.09751552795031054
2021-07-28,0.2370600414078675
2021-07-29,0.2755693581780539
2021-07-30,0.10289855072463769
2021-07-31,0.2950310559006211
2021-08-01,1.6733739837398374
2021-08-02,1.8046747967479677
2021-08-03,2.2121951219512197
2021-08-04,1.3802845528455285
2021-08-05,0.8119918699186992
2021-08-06,0.5965447154471545
2021-08-07,0.6445121951219512
2021-08-08,1.2546747967479674
2021-08-09,0.7245934959349594
2021-08-10,0.3648373983739837
2021-08-11,0.1790650406504065
2021-08-12,0.03699186991869918
2021-08-13,0.023373983739837397
2021-08-14,0.03597560975609756
2021-08-15,0.03516260162601626
2021-08-16,0.9030487804878048
2021-08-17,5.233130081300812
2021-08-18,1.988821138211382
2021-08-19,0.5705284552845529
2021-08-20,0.4475609756097561
2021-08-21,0.13028455284552845
2021-08-22,0.38109756097560976
2021-08-23,1.915040650406504
2021-08-24,3.936585365853659
2021-08-25,3.6313008130081297
2021-08-26,5.063414634146342
2021-08-27,6.138008130081301
2021-08-28,5.271138211382113
2021-08-29,4.5233739837398375
2021-08-30,2.9556910569105685
2021-08-31,2.9565040650406504
2021-09-01,3.7148979591836735
2021-09-02,2.9138775510204087
2021-09-03,1.3297959183673471
2021-09-04,2.3742857142857146
2021-09-05,2.1877551020408164
2021-09-06,1.0587755102040814
2021-09-07,0.5414285714285715
2021-09-08,0.173265306122449
2021-09-09,0.07020408163265306
2021-09-10,0.09551020408163266
2021-09-11,0.2536734693877551
2021-09-12,0.5906122448979592
2021-09-13,1.886734693877551
2021-09-14,0.42959183673469387
2021-09-15,0.0826530612244898
2021-09-16,1.3185714285714283
2021-09-17,5.229795918367346
2021-09-18,5.575510204081633
2021-09-19,7.668163265306123
2021-09-20,8.40448979591837
2021-09-21,8.518775510204083
2021-09-22,7.832244897959183
2021-09-23,5.345306122448979
2021-09-24,3.432244897959184
2021-09-25,1.53
2021-09-26,0.26
2021-09-27,0.8087755102040818
2021-09-28,6.478571428571429
2021-09-29,8.004897959183673
2021-09-30,9.982244897959184
2021-10-01,8.395325203252032
2021-10-02,4.900609756097561
2021-10-03,1.1892276422764227
2021-10-04,7.663617886178862
2021-10-05,8.34451219512195
2021-10-06,9.389837398373984
2021-10-07,10.002032520325203
2021-10-08,9.973983739837397
2021-10-09,11.491666666666665
2021-10-10,13.390650406504065
2021-10-11,12.289024390243902
2021-10-12,12.081707317073171
2021-10-13,13.114227642276424
2021-10-14,11.010162601626016
2021-10-15,10.986382113821136
2021-10-16,12.692276422764229
2021-10-17,12.31138211382114
2021-10-18,11.33821138211382
2021-10-19,8.753252032520326
2021-10-20,3.8577235772357725
2021-10-21,9.194715447154472
2021-10-22,13.277845528455286
2021-10-23,13.643292682926829
2021-10-24,14.223780487804879
2021-10-25,13.343699186991868
2021-10-26,10.705081300813008
2021-10-27,10.234349593495933
2021-10-28,11.500813008130082
2021-10-29,11.92560975609756
2021-10-30,11.33577235772358
2021-10-31,7.86869918699187
2021-11-01,10.846843177189408
2021-11-02,13.069857433808554
2021-11-03,13.926883910386966
2021-11-04,14.015274949083503
2021-11-05,13.638085539714867
2021-11-06,14.031975560081467
2021-11-07,13.631771894093687
2021-11-08,13.723421588594704
2021-11-09,14.496741344195518
2021-11-10,16.089816700611
2021-11-11,15.978207739307535
2021-11-12,16.149490835030548
2021-11-13,14.952342158859471
2021-11-14,13.303665987780041
2021-11-15,14.669450101832993
2021-11-16,15.561303462321794
2021-11-17,15.196130346232177
2021-11-18,13.716904276985744
2021-11-19,12.250101832993888
2021-11-20,12.556619144602852
2021-11-21,14.89877800407332
2021-11-22,16.78452138492872
2021-11-23,17.351120162932794
2021-11-24,16.765784114052952
2021-11-25,18.143380855397147
2021-11-26,18.24765784114053
2021-11-27,18.40875763747454
2021-11-28,19.383299389002037
2021-11-29,19.326883910386965
2021-11-30,17.25967413441955
2021-12-01,14.478483606557377
2021-12-02,18.167213114754098
2021-12-03,19.836680327868855
2021-12-04,17.693442622950823
2021-12-05,18.156147540983607
2021-12-06,19.552868852459014
2021-12-07,19.156967213114754
2021-12-08,18.945901639344264
2021-12-09,19.269467213114755
2021-12-10,19.66967213114754
2021-12-11,19.620081967213114
2021-12-12,17.584631147540986
2021-12-13,14.457377049180327
2021-12-14,14.843237704918034
2021-12-15,14.207991803278688
2021-12-16,14.44672131147541
2021-12-17,15.678893442622948
2021-12-18,16.353483606557376
2021-12-19,16.38032786885246
2021-12-20,19.436475409836067
2021-12-21,22.618032786885248
2021-12-22,23.58094262295082
2021-12-23,20.732581967213115
2021-12-24,15.45983606557377
2021-12-25,21.043237704918035
2021-12-26,22.472540983606557
2021-12-27,18.82909836065574
2021-12-28,15.775204918032786
2021-12-29,13.931762295081969
2021-12-30,9.53483606557377
2021-12-31,9.180532786885246
2022-01-01,10.510975609756098
2022-01-02,11.53069105691057
2022-01-03,11.655284552845528
2022-01-04,13.545731707317072
2022-01-05,17.74512195121951
2022-01-06,19.365853658536587
2022-01-07,19.872154471544714
2022-01-08,19.205487804878047
2022-01-09,18.123577235772355
2022-01-10,18.68516260162602
2022-01-11,19.844918699186994
2022-01-12,19.919105691056913
2022-01-13,18.895934959349592
2022-01-14,18.382113821138212
2022-01-15,19.260569105691058
2022-01-16,18.91849593495935
2022-01-17,16.588414634146343
2022-01-18,16.71991869918699
2022-01-19,17.98516260162602
2022-01-20,18.945934959349596
2022-01-21,19.69329268292683
2022-01-22,17.08861788617886
2022-01-23,16.60548780487805
2022-01-24,17.445528455284553
2022-01-25,18.83048780487805
2022-01-26,19.440243902439025
2022-01-27,17.987398373983737
2022-01-28,16.98333333333333
2022-01-29,15.316260162601626
2022-01-30,15.827845528455285
2022-01-31,17.989430894308942
2022-02-01,17.403483606557376
2022-02-02,15.508196721311476
2022-02-03,15.208401639344263
2022-02-04,15.003073770491802
2022-02-05,16.943647540983605
2022-02-06,15.716803278688523
2022-02-07,17.350204918032787
2022-02-08,15.220696721311477
2022-02-09,13.572950819672132
2022-02-10,15.171516393442623
2022-02-11,17.767827868852457
2022-02-12,19.639139344262293
2022-02-13,17.160245901639346
2022-02-14,13.953073770491804
2022-02-15,14.812909836065575
2022-02-16,12.922540983606558
2022-02-17,11.885655737704917
2022-02-18,12.729918032786886
2022-02-19,15.349590163934426
2022-02-20,14.048770491803277
2022-02-21,15.329098360655736
2022-02-22,15.119057377049181
2022-02-23,14.398155737704919
2022-02-24,14.447540983606556
2022-02-25,17.52233606557377
2022-02-26,17.7797131147541
2022-02-27,18.476024590163934
2022-02-28,18.67827868852459
2022-03-01,18.845102040816325
2022-03-02,18.596530612244898
2022-03-03,18.774897959183676
2022-03-04,19.43857142857143
2022-03-05,19.65244897959184
2022-03-06,20.044081632653057
2022-03-07,19.725510204081633
2022-03-08,18.494489795918366
2022-03-09,16.89061224489796
2022-03-10,15.39469387755102
2022-03-11,15.963265306122448
2022-03-12,14.95122448979592
2022-03-13,14.072653061224491
2022-03-14,13.874081632653061
2022-03-15,14.295918367346939
2022-03-16,13.651428571428571
2022-03-17,13.322040816326531
2022-03-18,13.810612244897959
2022-03-19,14.911428571428573
2022-03-20,13.512857142857143
2022-03-21,13.008367346938776
2022-03-22,12.43265306122449
2022-03-23,11.733061224489795
2022-03-24,11.697142857142858
2022-03-25,11.58591836734694
2022-03-26,11.047346938775512
2022-03-27,10.878163265306124
2022-03-28,10.536530612244897
2022-03-29,11.64938775510204
2022-03-30,14.313877551020411
2022-03-31,16.29061224489796
2022-04-01,18.65888429752066
2022-04-02,19.634090909090908
2022-04-03,19.25826446280992
2022-04-04,17.33450413223141
2022-04-05,13.6948347107438
2022-04-06,10.633677685950413
2022-04-07,11.00888429752066
2022-04-08,14.39504132231405
2022-04-09,16.200619834710743
2022-04-10,16.301652892561982
2022-04-11,13.788429752066117
2022-04-12,9.087190082644629
2022-04-13,5.1022727272727275
2022-04-14,6.99793388429752
2022-04-15,10.14318181818182
2022-04-16,12.804545454545455
2022-04-17,12.745454545454548
2022-04-18,11.571900826446283
2022-04-19,11.415495867768596
2022-04-20,11.961570247933883
2022-04-21,11.208677685950413
2022-04-22,10.043181818181818
2022-04-23,9.499586776859502
2022-04-24,10.948553719008265
2022-04-25,11.561363636363637
2022-04-26,11.753305785123967
2022-04-27,10.8297520661157
2022-04-28,10.00495867768595
2022-04-29,9.523140495867766
2022-04-30,10.400619834710744
2022-05-01,10.072244897959182
2022-05-02,8.433877551020409
2022-05-03,8.039387755102041
2022-05-04,8.267142857142858
2022-05-05,8.126734693877552
2022-05-06,7.3153061224489795
2022-05-07,5.763877551020409
2022-05-08,6.885102040816326
2022-05-09,4.192244897959183
2022-05-10,0.45897959183673465
2022-05-11,0.686938775510204
2022-05-12,1.9242857142857142
2022-05-13,4.56734693877551
2022-05-14,3.4665306122448976
2022-05-15,2.270816326530612
2022-05-16,0.7714285714285715
2022-05-17,0.7985714285714285
2022-05-18,0.2053061224489796
2022-05-19,0.10081632653061226
2022-05-20,0.5561224489795918
2022-05-21,3.9985714285714287
2022-05-22,3.5146938775510206
2022-05-23,0.5471428571428572
2022-05-24,3.7671428571428573
2022-05-25,4.70734693877551
2022-05-26,2.508979591836735
2022-05-27,5.282244897959184
2022-05-28,8.888979591836735
2022-05-29,10.297755102040815
2022-05-30,9.76612244897959
2022-05-31,7.12469387755102
2022-06-01,5.512164948453608
2022-06-02,5.134432989690723
2022-06-03,1.084123711340206
2022-06-04,0.94
2022-06-05,0.2958762886597938
2022-06-06,0.44556701030927837
2022-06-07,1.7624742268041236
2022-06-08,1.3082474226804124
2022-06-09,2.807422680412371
2022-06-10,0.8422680412371134
2022-06-11,0.12494845360824744
2022-06-12,0.12164948453608246
2022-06-13,2.7556701030927835
2022-06-14,2.7181443298969077
2022-06-15,0.3154639175257732
2022-06-16,0.08783505154639173
2022-06-17,0.0620618556701031
2022-06-18,0.03402061855670103
2022-06-19,0.7410309278350516
2022-06-20,3.1307216494845362
2022-06-21,0.7303092783505154
2022-06-22,0.23917525773195877
2022-06-23,0.039381443298969074
2022-06-24,0.1245360824742268
2022-06-25,0.07876288659793815
2022-06-26,0.051752577319587635
2022-06-27,0.13443298969072165
2022-06-28,0.14391752577319586
2022-06-29,0.06804123711340206
2022-06-30,0.02639175257731959
2022-07-01,1.6911522633744855
2022-07-02,0.137037037037037
2022-07-03,0.024691358024691357
2022-07-04,0.08456790123456791
2022-07-05,0.11172839506172841
2022-07-06,0.7722222222222223
2022-07-07,2.2975308641975305
2022-07-08,1.4141975308641974
2022-07-09,0.49835390946502056
2022-07-10,2.4660493827160495
2022-07-11,0.9693415637860083
2022-07-12,0.13168724279835392
2022-07-13,0.02654320987654321
2022-07-14,0.35144032921810703
2022-07-15,1.1539094650205761
2022-07-16,0.6549382716049383
2022-07-17,0.20452674897119344
2022-07-18,0.025308641975308643
2022-07-19,0.01748971193415638
2022-07-20,0.018724279835390947
2022-07-21,0.0602880658436214
2022-07-22,0.060699588477366256
2022-07-23,0.10679012345679012
2022-07-24,0.025102880658436213
2022-07-25,0.02139917695473251
2022-07-26,0.12962962962962962
2022-07-27,0.8718106995884773
2022-07-28,0.6652263374485597
2022-07-29,0.06893004115226338
2022-07-30,0.22633744855967078
2022-07-31,0.07510288065843622
2022-08-01,0.07148760330578513
2022-08-02,0.04276859504132231
2022-08-03,0.024586776859504132
2022-08-04,0.021280991735537193
2022-08-05,0.047933884297520664
2022-08-06,0.9572314049586776
2022-08-07,0.3409090909090909
2022-08-08,0.08326446280991735
2022-08-09,0.06673553719008264
2022-08-10,0.0652892561983471
2022-08-11,0.04669421487603306
2022-08-12,0.08946280991735536
2022-08-13,0.08305785123966943
2022-08-14,0.04049586776859505
2022-08-15,0.052272727272727276
2022-08-16,0.04132231404958678
2022-08-17,0.037396694214876035
2022-08-18,0.047520661157024795
2022-08-19,0.12272727272727273
2022-08-20,0.17500000000000002
2022-08-21,0.14359504132231404
2022-08-22,0.19545454545454544
2022-08-23,0.13491735537190083
2022-08-24,0.05661157024793388
2022-08-25,0.03884297520661156
2022-08-26,0.04297520661157025
2022-08-27,0.16404958677685952
2022-08-28,0.3059917355371901
2022-08-29,0.36900826446281
2022-08-30,0.23863636363636365
2022-08-31,0.8991735537190082
2022-09-01,1.3690721649484536
2022-09-02,1.5622680412371135
2022-09-03,0.8527835051546392
2022-09-04,0.13525773195876287
2022-09-05,0.07731958762886598
2022-09-06,0.07876288659793815
2022-09-07,0.06701030927835051
2022-09-08,1.2123711340206185
2022-09-09,1.834020618556701
2022-09-10,3.0006185567010313
2022-09-11,2.7975257731958765
2022-09-12,2.672164948453608
2022-09-13,0.4298969072164949
2022-09-14,2.1177319587628864
2022-09-15,4.409484536082475
2022-09-16,8.120824742268042
2022-09-17,9.8779381443299
2022-09-18,10.376701030927835
2022-09-19,9.855257731958764
2022-09-20,10.369690721649485
2022-09-21,10.787628865979382
2022-09-22,10.401855670103092
2022-09-23,9.261649484536083
2022-09-24,8.03298969072165
2022-09-25,8.35298969072165
2022-09-26,9.211134020618555
2022-09-27,10.774432989690723
2022-09-28,11.804742268041236
2022-09-29,11.782680412371136
2022-09-30,10.730927835051546
2022-10-01,9.649486652977414
2022-10-02,7.863655030800821
2022-10-03,9.084188911704311
2022-10-04,9.01683778234086
2022-10-05,5.497741273100616
2022-10-06,6.987268993839836
2022-10-07,8.655030800821356
2022-10-08,8.976796714579056
2022-10-09,10.758316221765913
2022-10-10,8.407392197125258
2022-10-11,9.677412731006159
2022-10-12,10.291581108829568
2022-10-13,8.986858316221767
2022-10-14,7.157289527720739
2022-10-15,4.412525667351129
2022-10-16,2.823819301848049
2022-10-17,2.0388090349075974
2022-10-18,5.285215605749487
2022-10-19,9.416427104722793
2022-10-20,9.997330595482548
2022-10-21,6.830595482546201
2022-10-22,6.298357289527721
2022-10-23,6.2564681724846
2022-10-24,3.940041067761807
2022-10-25,7.750308008213553
2022-10-26,7.170225872689938
2022-10-27,5.297535934291581
2022-10-28,1.884394250513347
2022-10-29,3.3722792607802874
2022-10-30,4.016837782340863
2022-10-31,7.5457905544147845
2022-11-01,7.3960905349794235
2022-11-02,10.386213991769548
2022-11-03,11.258230452674898
2022-11-04,11.337448559670781
2022-11-05,12.946707818930042
2022-11-06,13.185802469135801
2022-11-07,9.802880658436214
2022-11-08,9.568930041152264
2022-11-09,8.845884773662553
2022-11-10,10.66934156378601
2022-11-11,12.276337448559671
2022-11-12,13.593209876543213
2022-11-13,14.095061728395061
2022-11-14,13.659876543209878
2022-11-15,11.50164609053498
2022-11-16,12.635390946502058
2022-11-17,13.59094650205761
2022-11-18,15.925514403292182
2022-11-19,19.533333333333335
2022-11-20,19.126543209876544
2022-11-21,17.970781893004112
2022-11-22,16.823251028806585
2022-11-23,15.31954732510288
2022-11-24,14.666049382716048
2022-11-25,15.126954732510288
2022-11-26,14.953497942386832
2022-11-27,16.633539094650207
2022-11-28,15.850205761316872
2022-11-29,15.345884773662553
2022-11-30,16.23148148148148
2022-12-01,17.910493827160494
2022-12-02,19.075514403292182
2022-12-03,20.072633744855967
2022-12-04,18.938065843621402
2022-12-05,17.87716049382716
2022-12-06,18.061111111111114
2022-12-07,18.13127572016461
2022-12-08,19.265226337448563
2022-12-09,20.744032921810696
2022-12-10,21.496502057613167
2022-12-11,23.00164609053498
2022-12-12,24.36954732510288
2022-12-13,26.013786008230454
2022-12-14,24.72633744855967
2022-12-15,24.559670781893004
2022-12-16,24.51522633744856
2022-12-17,26.212551440329218
2022-12-18,26.066255144032922
2022-12-19,19.34650205761317
2022-12-20,14.926337448559668
2022-12-21,13.829835390946503
2022-12-22,12.578189300411523
2022-12-23,11.992592592592592
2022-12-24,12.59156378600823
2022-12-25,12.839506172839506
2022-12-26,12.191975308641975
2022-12-27,16.842386831275718
2022-12-28,14.660493827160494
2022-12-29,11.618106995884773
2022-12-30,13.223868312757201
2022-12-31,6.490534979423868
2023-01-01,8.182377049180328
2023-01-02,10.074795081967213
2023-01-03,14.633606557377048
2023-01-04,12.848975409836067
2023-01-05,11.62295081967213
2023-01-06,12.27909836065574
2023-01-07,12.701639344262293
2023-01-08,13.71311475409836
2023-01-09,14.713729508196721
2023-01-10,15.64487704918033
2023-01-11,13.569672131147541
2023-01-12,12.57561475409836
2023-01-13,12.83688524590164
2023-01-14,13.638934426229508
2023-01-15,14.754713114754098
2023-01-16,16.813319672131147
2023-01-17,18.875409836065575
2023-01-18,21.059631147540983
2023-01-19,21.092622950819674
2023-01-20,21.316188524590164
2023-01-21,21.66844262295082
2023-01-22,20.315778688524592
2023-01-23,19.60532786885246
2023-01-24,19.477459016393443
2023-01-25,20.77704918032787
2023-01-26,21.14672131147541
2023-01-27,19.83872950819672
2023-01-28,20.688319672131147
2023-01-29,21.063729508196722
2023-01-30,17.935245901639345
2023-01-31,16.962090163934427
2023-02-01,15.9782340862423
2023-02-02,16.12135523613963
2023-02-03,14.296303901437373
2023-02-04,17.56344969199179
2023-02-05,19.978850102669405
2023-02-06,20.423819301848052
2023-02-07,22.455236139630387
2023-02-08,22.405544147843944
2023-02-09,21.9217659137577
2023-02-10,19.523203285420944
2023-02-11,16.463039014373717
2023-02-12,14.913347022587269
2023-02-13,15.918480492813142
2023-02-14,17.446817248459965
2023-02-15,18.171252566735117
2023-02-16,15.765092402464067
2023-02-17,10.971047227926077
2023-02-18,11.399383983572895
2023-02-19,13.557289527720739
2023-02-20,12.74147843942505
2023-02-21,12.431416837782342
2023-02-22,12.879260780287476
2023-02-23,12.987474332648873
2023-02-24,15.400205338809034
2023-02-25,18.490143737166324
2023-02-26,21.008418891170432
2023-02-27,20.89917864476386
2023-02-28,20.428747433264885
2023-03-01,19.6979035639413
2023-03-02,18.340461215932912
2023-03-03,18.70482180293501
2023-03-04,17.91823899371069
2023-03-05,18.275471698113208
2023-03-06,18.669811320754718
2023-03-07,17.7958071278826
2023-03-08,17.76561844863732
2023-03-09,14.864570230607965
2023-03-10,14.60901467505241
2023-03-11,19.38469601677149
2023-03-12,17.18574423480084
2023-03-13,9.250524109014675
2023-03-14,12.960377358490565
2023-03-15,18.24276729559748
2023-03-16,16.605450733752622
2023-03-17,11.555555555555555
2023-03-18,9.536477987421383
2023-03-19,10.471488469601676
2023-03-20,11.742976939203354
2023-03-21,11.009014675052411
2023-03-22,9.164150943396226
2023-03-23,8.30335429769392
2023-03-24,9.121174004192872
2023-03-25,11.987002096436058
2023-03-26,13.521383647798743
2023-03-27,17.52201257861635
2023-03-28,17.13710691823899
2023-03-29,12.347798742138364
2023-03-30,9.055974842767297
2023-03-31,10.574213836477986
2023-04-01,12.37962577962578
2023-04-02,15.398128898128897
2023-04-03,17.827858627858628
2023-04-04,18.490020790020793
2023-04-05,17.538045738045735
2023-04-06,15.225155925155926
2023-04-07,14.137837837837838
2023-04-08,14.197505197505198
2023-04-09,13.123284823284823
2023-04-10,10.545322245322245
2023-04-11,11.955301455301456
2023-04-12,12.698544698544698
2023-04-13,13.096257796257797
2023-04-14,13.372972972972972
2023-04-15,13.01018711018711
2023-04-16,12.114553014553014
2023-04-17,11.85176715176715
2023-04-18,11.928690228690229
2023-04-19,12.291891891891892
2023-04-20,13.733264033264035
2023-04-21,8.751351351351351
2023-04-22,4.6451143451143455
2023-04-23,7.3
2023-04-24,10.5016632016632
2023-04-25,13.616008316008319
2023-04-26,14.282952182952183
2023-04-27,12.180249480249481
2023-04-28,9.81018711018711
2023-04-29,9.192307692307692
2023-04-30,10.055925155925156
2023-05-01,9.113524590163934
2023-05-02,10.380737704918031
2023-05-03,10.982991803278688
2023-05-04,7.298155737704918
2023-05-05,4.959426229508196
2023-05-06,6.5772540983606556
2023-05-07,5.898360655737705
2023-05-08,6.635450819672131
2023-05-09,4.010040983606557
2023-05-10,6.869262295081967
2023-05-11,7.372745901639345
2023-05-12,5.529098360655738
2023-05-13,6.084426229508196
2023-05-14,6.313729508196722
2023-05-15,6.988319672131148
2023-05-16,9.947745901639344
2023-05-17,11.208606557377049
2023-05-18,10.215368852459017
2023-05-19,7.824180327868852
2023-05-20,4.058606557377049
2023-05-21,0.36290983606557375
2023-05-22,0.23647540983606558
2023-05-23,5.087704918032787
2023-05-24,9.487704918032787
2023-05-25,6.673155737704918
2023-05-26,5.109426229508196
2023-05-27,4.298975409836066
2023-05-28,1.9836065573770492
2023-05-29,2.7784836065573773
2023-05-30,3.602868852459017
2023-05-31,1.1090163934426231
2023-06-01,2.741443298969072
2023-06-02,4.724742268041237
2023-06-03,3.7329896907216495
2023-06-04,2.166391752577319
2023-06-05,1.0422680412371135
2023-06-06,1.3371134020618556
2023-06-07,0.7263917525773196
2023-06-08,0.3915463917525773
2023-06-09,0.15670103092783505
2023-06-10,0.07896907216494845
2023-06-11,0.0775257731958763
2023-06-12,0.13175257731958762
2023-06-13,0.3865979381443299
2023-06-14,0.6670103092783505
2023-06-15,0.36329896907216497
2023-06-16,0.8004123711340208
2023-06-17,0.177319587628866
2023-06-18,0.03216494845360825
2023-06-19,0.027835051546391754
2023-06-20,0.02309278350515464
2023-06-21,0.022268041237113404
2023-06-22,0.019175257731958766
2023-06-23,0.36597938144329895
2023-06-24,0.12226804123711339
2023-06-25,0.050721649484536085
2023-06-26,0.030309278350515462
2023-06-27,0.46515463917525773
2023-06-28,0.36226804123711337
2023-06-29,0.07030927835051547
2023-06-30,0.2923711340206186
2023-07-01,0.42378854625550666
2023-07-02,0.35330396475770925
2023-07-03,0.745374449339207
2023-07-04,0.6610132158590308
2023-07-05,0.9722466960352423
2023-07-06,0.3720264317180616
2023-07-07,0.033259911894273124
2023-07-08,0.02907488986784141
2023-07-09,0.025770925110132157
2023-07-10,0.02444933920704846
2023-07-11,0.02180616740088106
2023-07-12,0.06872246696035242
2023-07-13,0.15374449339207047
2023-07-14,0.06541850220264318
2023-07-15,0.02224669603524229
2023-07-16,0.05881057268722467
2023-07-17,0.09845814977973569
2023-07-18,0.09207048458149779
2023-07-19,0.28480176211453745
2023-07-20,0.4733480176211453
2023-07-21,1.1830396475770923
2023-07-22,0.8154185022026432
2023-07-23,0.10264317180616739
2023-07-24,0.1052863436123348
2023-07-25,2.2977973568281946
2023-07-26,4.887444933920705
2023-07-27,2.3581497797356827
2023-07-28,0.16365638766519824
2023-07-29,0.15991189427312774
2023-07-30,0.31079295154185027
2023-07-31,0.371806167400881
2023-08-01,0.485
2023-08-02,0.4822916666666667
2023-08-03,0.5900000000000001
2023-08-04,0.8997916666666667
2023-08-05,1.1060416666666666
2023-08-06,3.851875
2023-08-07,4.863333333333332
2023-08-08,3.6754166666666666
2023-08-09,2.96625
2023-08-10,1.0227083333333333
2023-08-11,0.039375
2023-08-12,0.025208333333333333
2023-08-13,0.03770833333333334
2023-08-14,0.021249999999999998
2023-08-15,0.02375
2023-08-16,0.034166666666666665
2023-08-17,0.03895833333333333
2023-08-18,0.0275
2023-08-19,0.022291666666666664
2023-08-20,0.019375
2023-08-21,0.01875
2023-08-22,0.019583333333333335
2023-08-23,0.033124999999999995
2023-08-24,0.017291666666666667
2023-08-25,0.02354166666666667
2023-08-26,0.20854166666666665
2023-08-27,1.9422916666666665
2023-08-28,4.648749999999999
2023-08-29,5.104375000000001
2023-08-30,4.1260416666666675
2023-08-31,5.478333333333334
2023-09-01,2.1702702702702705
2023-09-02,0.37733887733887733
2023-09-03,0.3696465696465696
2023-09-04,0.1638253638253638
2023-09-05,0.05883575883575884
2023-09-06,0.01496881496881497
2023-09-07,0.016632016632016633
2023-09-08,0.018503118503118504
2023-09-09,0.021413721413721415
2023-09-10,0.022245322245322243
2023-09-11,0.023700623700623702
2023-09-12,0.02494802494802495
2023-09-13,0.6108108108108108
2023-09-14,4.111226611226611
2023-09-15,1.9494802494802492
2023-09-16,0.14802494802494806
2023-09-17,0.02848232848232848
2023-09-18,0.07234927234927234
2023-09-19,0.7382536382536383
2023-09-20,0.3956340956340957
2023-09-21,0.1941787941787942
2023-09-22,4.1713097713097715
2023-09-23,7.484199584199583
2023-09-24,7.755301455301455
2023-09-25,6.252598752598753
2023-09-26,3.4792099792099793
2023-09-27,1.0162162162162163
2023-09-28,0.3713097713097713
2023-09-29,0.11871101871101872
2023-09-30,4.983367983367984
2023-10-01,3.163807531380753
2023-10-02,0.7665271966527196
2023-10-03,0.7705020920502093
2023-10-04,7.539330543933055
2023-10-05,8.015271966527196
2023-10-06,6.174267782426778
2023-10-07,4.489748953974895
2023-10-08,5.3686192468619245
2023-10-09,4.587029288702929
2023-10-10,2.2968619246861923
2023-10-11,0.7910041841004185
2023-10-12,2.955020920502092
2023-10-13,0.36171548117154806
2023-10-14,6.603347280334727
2023-10-15,13.417782426778244
2023-10-16,14.607740585774058
2023-10-17,14.36569037656904
2023-10-18,13.19937238493724
2023-10-19,9.443305439330544
2023-10-20,9.302510460251046
2023-10-21,7.970502092050208
2023-10-22,9.123012552301256
2023-10-23,10.113807531380754
2023-10-24,9.31213389121339
2023-10-25,10.043723849372384
2023-10-26,10.079288702928869
2023-10-27,10.791213389121339
2023-10-28,10.139958158995816
2023-10-29,8.136820083682007
2023-10-30,8.30355648535565
2023-10-31,10.145606694560668
2023-11-01,9.842561983471075
2023-11-02,10.475619834710745
2023-11-03,12.490289256198349
2023-11-04,12.597727272727273
2023-11-05,10.68512396694215
2023-11-06,10.701446280991735
2023-11-07,12.019214876033057
2023-11-08,12.607644628099175
2023-11-09,12.59586776859504
2023-11-10,13.183264462809918
2023-11-11,14.670661157024794
2023-11-12,15.240289256198347
2023-11-13,12.277892561983471
2023-11-14,10.118388429752066
2023-11-15,11.87603305785124
2023-11-16,14.032231404958678
2023-11-17,16.106198347107437
2023-11-18,16.16735537190083
2023-11-19,10.81590909090909
2023-11-20,11.168801652892563
2023-11-21,14.298347107438016
2023-11-22,18.91549586776859
2023-11-23,14.70805785123967
2023-11-24,16.145454545454545
2023-11-25,18.62871900826446
2023-11-26,18.913636363636364
2023-11-27,18.691322314049586
2023-11-28,20.777272727272724
2023-11-29,21.173553719008265
2023-11-30,21.600619834710745
2023-12-01,21.884631147540986
2023-12-02,23.120286885245903
2023-12-03,23.51311475409836
2023-12-04,23.162499999999998
2023-12-05,19.474999999999998
2023-12-06,18.960040983606557
2023-12-07,19.915778688524593
2023-12-08,19.34795081967213
2023-12-09,16.26127049180328
2023-12-10,13.568442622950819
2023-12-11,12.41577868852459
2023-12-12,13.848360655737705
2023-12-13,14.155327868852458
2023-12-14,16.156352459016393
2023-12-15,16.162295081967216
2023-12-16,15.040983606557377
2023-12-17,15.513524590163936
2023-12-18,16.24979508196721
2023-12-19,15.838729508196721
2023-12-20,15.371311475409838
2023-12-21,13.459836065573771
2023-12-22,15.195901639344264
2023-12-23,14.79856557377049
2023-12-24,11.713729508196723
2023-12-25,11.055122950819671
2023-12-26,12.68217213114754
2023-12-27,15.41762295081967
2023-12-28,12.545286885245902
2023-12-29,11.807786885245903
2023-12-30,13.587909836065574
2023-12-31,14.581762295081967
2024-01-01,14.498762886597937
2024-01-02,13.866185567010309
2024-01-03,11.71340206185567
2024-01-04,14.971546391752579
2024-01-05,16.470309278350516
2024-01-06,17.996288659793816
2024-01-07,21.143092783505153
2024-01-08,24.664123711340206
2024-01-09,26.322680412371135
2024-01-10,25.407628865979383
2024-01-11,24.04350515463917
2024-01-12,22.077319587628867
2024-01-13,20.745567010309284
2024-01-14,20.81958762886598
2024-01-15,20.71463917525773
2024-01-16,22.188041237113403
2024-01-17,21.58556701030928
2024-01-18,20.808659793814435
2024-01-19,22.549278350515465
2024-01-20,23.150309278350516
2024-01-21,21.257731958762886
2024-01-22,14.543917525773196
2024-01-23,14.56061855670103
2024-01-24,10.978556701030929
2024-01-25,13.79319587628866
2024-01-26,13.65298969072165
2024-01-27,17.410103092783505
2024-01-28,17.877113402061855
2024-01-29,16.000618556701035
2024-01-30,15.153195876288658
2024-01-31,14.93216494845361
2024-02-01,14.63312757201646
2024-02-02,14.758024691358026
2024-02-03,12.435390946502059
2024-02-04,12.397325102880659
2024-02-05,11.854938271604938
2024-02-06,12.744650205761316
2024-02-07,14.93888888888889
2024-02-08,15.387037037037038
2024-02-09,12.537037037037036
2024-02-10,11.979423868312757
2024-02-11,13.478189300411522
2024-02-12,14.06625514403292
2024-02-13,15.493209876543212
2024-02-14,12.969341563786006
2024-02-15,9.808024691358025
2024-02-16,9.366666666666664
2024-02-17,11.725720164609054
2024-02-18,13.025720164609053
2024-02-19,12.51954732510288
2024-02-20,13.306172839506171
2024-02-21,12.534156378600823
2024-02-22,11.148971193415637
2024-02-23,14.573251028806585
2024-02-24,16.03786008230453
2024-02-25,15.470987654320988
2024-02-26,15.026543209876545
2024-02-27,15.451646090534979
2024-02-28,16.305144032921813
2024-02-29,15.276543209876543
